Title,Price,Location,Link
2019 Honda Odyssey LX,"$19,900",Grand Prairie,https://dallas.craigslist.org/dal/cto/d/grand-prairie-2019-honda-odyssey-lx/7694967985.html
"2019 Honda Odyssey  EX-L Minivan, Passenger","$21,993",Call *(346) 251-8354* to Confirm Availability Instantly,https://houston.craigslist.org/ctd/d/houston-2019-honda-odyssey-ex-minivan/7693299391.html
"2018 Honda Odyssey  EX-L Minivan, Passenger","$22,399",Call *(361) 792-3468* to Confirm Availability Instantly,https://corpuschristi.craigslist.org/ctd/d/corpus-christi-2018-honda-odyssey-ex/7693221729.html
"2019 Honda Odyssey EX, 59 Kmiles $21,990 - $20,990","$20,990",dallas,https://dallas.craigslist.org/dal/cto/d/carrollton-2019-honda-odyssey-ex-59/7692653796.html
2017 Honda Odyssey EX-L EXL,"$20,700",Peachland,https://oklahomacity.craigslist.org/ctd/d/el-reno-2017-honda-odyssey-ex-exl/7692396931.html
2020 Honda Odyssey EX-L,"$24,000",Dallas,https://dallas.craigslist.org/dal/cto/d/dallas-2020-honda-odyssey-ex/7692349217.html
2018 Honda Odyssey EX-L,"$24,900",dallas,https://dallas.craigslist.org/dal/cto/d/lewisville-2018-honda-odyssey-ex/7690051688.html
"2018 Honda Odyssey  Elite Minivan, Passenger","$23,450",Call *(682) 228-3849* to Confirm Availability Instantly,https://dallas.craigslist.org/dal/ctd/d/dallas-2018-honda-odyssey-elite-minivan/7690004677.html
2018 Honda Odyssey,"$24,500",dallas,https://dallas.craigslist.org/dal/cto/d/desoto-2018-honda-odyssey/7689967851.html
"2018 Honda Odyssey  EX-L Minivan, Passenger","$22,399",Call *(361) 792-3468* to Confirm Availability Instantly,https://corpuschristi.craigslist.org/ctd/d/corpus-christi-2018-honda-odyssey-ex/7689889125.html
2017 Honda Odyssey EX-L,"$19,879","Arlington, TX",https://dallas.craigslist.org/mdf/ctd/d/dallas-2017-honda-odyssey-ex/7688579527.html
"2018 Honda Odyssey  EX-L Minivan, Passenger","$22,399",Call *(361) 792-3468* to Confirm Availability Instantly,https://corpuschristi.craigslist.org/ctd/d/corpus-christi-2018-honda-odyssey-ex/7687839407.html
"2018 Honda Odyssey  Elite Minivan, Passenger","$23,450",Call *(682) 228-3849* to Confirm Availability Instantly,https://dallas.craigslist.org/ftw/ctd/d/fort-worth-2018-honda-odyssey-elite/7687137088.html
2017 Honda Odyssey SE *Online Approval*Bad Credit BK ITIN OK*,"$20,529",+ Dallas Auto Finance by Dallas Lease Returns Over 400 Vehic,https://dallas.craigslist.org/dal/ctd/d/addison-2017-honda-odyssey-se-online/7686899305.html
